BookID,Title,Author,Genre,BranchID,BranchName,BorrowerID,BorrowerName,BorrowDate,ReturnDate
1,Stuff both specific.,Steve Carpenter,Fiction,4,Branch-4,44,Patricia Hamilton,2023-07-10,2023-06-21
2,Policy no could.,Vanessa Smith,Biography,4,Branch-4,60,Erika Neal,2023-01-12,2024-09-24
3,Size try life.,Kendra Michael,Sci-fi,5,Branch-5,48,Megan Mullen,2024-09-21,
4,Since education.,Jessica Martin,Fantasy,2,Branch-2,19,Karen Romero,2023-11-27,2024-02-23
5,Up organization card.,Cassandra Rogers,Fiction,5,Branch-5,47,Scott Carey,2024-05-24,2023-05-27
6,Director bank.,Robert Bates,Fiction,4,Branch-4,91,Laura Mcclain,2024-08-17,
7,Whose skill.,Daniel Smith,Fantasy,2,Branch-2,14,Calvin Martin,2023-10-27,2023-01-13
8,Most when.,Jacqueline Sawyer,Sci-fi,5,Branch-5,46,George Yates,2024-05-18,2022-12-08
9,Late audience agent.,Sharon Perez,Biography,4,Branch-4,69,Steve Jones,2023-01-30,2024-02-19
10,Bring need plant.,Lisa Brown,Fiction,2,Branch-2,19,Matthew Lyons,2024-04-03,2023-04-22
11,Western operation edge.,Abigail Boyd,Fiction,5,Branch-5,3,Ashley Nunez,2023-03-11,2024-09-23
12,Base conference.,Christian Patterson,Biography,4,Branch-4,82,Debra Gonzalez,2024-03-17,
13,Outside material research hear.,Megan Delgado,Fiction,2,Branch-2,89,Christina Barnes,2023-02-10,2024-04-29
14,Community task.,Patricia Wagner,Sci-fi,4,Branch-4,27,Frank James,2024-02-25,2023-10-23
15,Star order trade.,Dustin Williams,Fantasy,3,Branch-3,80,Charles Bird,2023-08-17,
16,Reflect explain true.,Gregory Khan,Mystery,3,Branch-3,85,Christopher Wright,2023-06-01,
17,Old include turn.,Lucas Mcclure,Biography,5,Branch-5,89,William Ayers,2023-05-04,2024-06-28
18,Which anyone Mrs.,Rebecca Jones,Non-fiction,5,Branch-5,89,Charles Tran,2023-09-03,2024-02-23
19,Early large.,Denise Barrera,Biography,2,Branch-2,71,Nicole Hill,2024-01-11,2024-09-16
20,Environment.,Shirley Meyer,Mystery,1,Branch-1,7,Manuel Smith,2024-09-09,2024-02-16
21,Husband out.,Jason Hansen,Mystery,5,Branch-5,25,Brenda English,2024-08-29,2024-01-17
22,Soon represent group drive.,Michael Cantu,Sci-fi,2,Branch-2,50,Denise Moreno,2024-08-24,2023-11-22
23,Head should between.,Mr. Larry Roth,Non-fiction,3,Branch-3,79,Megan Johnson,2023-02-13,2024-04-01
24,Include image sense.,Paige Wood,Fantasy,4,Branch-4,99,Leah Davis,2023-03-27,2023-09-11
25,Similar six despite.,Grant Williams,Mystery,2,Branch-2,29,Brian Garcia,2024-02-14,2024-07-16
26,Rock thought more.,Mark Allen,Non-fiction,2,Branch-2,76,Elizabeth Quinn,2024-01-30,2024-06-21
27,Size about smile.,Melissa Lane,Fantasy,5,Branch-5,60,Jennifer Cole,2023-06-05,2023-08-28
28,Son type source.,Evelyn Anderson,Non-fiction,3,Branch-3,79,Patricia Smith,2023-10-25,
29,Or explain provide.,Jonathan Hopkins,Mystery,4,Branch-4,98,David Walker,2024-05-12,2024-08-26
30,Education Congress market similar.,Wayne Lawson,Mystery,2,Branch-2,42,Andrew Martin,2023-02-23,
31,Trade theory end.,Brian Wilson,Biography,1,Branch-1,6,Ashley Velez DVM,2023-06-21,2024-10-30
32,Would tree.,Karina Hodge,Fiction,5,Branch-5,65,Edward Wilson,2024-01-08,
33,Site part picture.,Abigail Snow,Sci-fi,2,Branch-2,76,Andrew Singh,2023-02-07,2024-07-07
34,Because.,Leslie Brown,Mystery,1,Branch-1,75,Mark Edwards,2024-11-24,
35,Fine cell chance.,Joyce Harrell,Sci-fi,1,Branch-1,27,Troy Gibson,2023-11-27,
36,Key too.,Tara Hubbard,Fantasy,1,Branch-1,10,Jennifer Diaz,2024-01-12,2024-09-04
37,Hour science early.,Jacob Young,Non-fiction,5,Branch-5,51,Lindsey Mitchell,2024-10-24,2024-01-12
38,Energy painting.,Alexis Howe,Non-fiction,1,Branch-1,28,Melanie Marshall,2024-06-17,
39,Why billion.,Carmen Robinson,Biography,2,Branch-2,77,Jeffrey Bullock,2023-02-28,2023-04-13
40,Develop property.,Curtis Wilson,Sci-fi,4,Branch-4,84,Michael Murphy,2024-01-25,2022-12-15
41,Note story.,Teresa Montgomery,Fiction,1,Branch-1,28,Cheryl Hartman,2023-07-18,2024-06-04
42,One past few daughter.,Casey Hughes,Biography,1,Branch-1,32,Lacey Wheeler,2024-03-07,2023-12-20
43,Article wrong.,Desiree Anderson MD,Mystery,1,Branch-1,73,Jenny Garcia,2023-11-01,
44,Allow pretty somebody head.,Lauren Christensen,Fiction,1,Branch-1,96,Danielle Hughes,2024-06-13,2023-07-30
45,Feel imagine author.,Jacqueline Richardson,Fiction,1,Branch-1,58,Zachary Young,2024-10-30,2023-08-18
46,Eye step.,Michael Nguyen,Biography,1,Branch-1,51,Darryl Moreno,2023-05-08,2023-03-16
47,Base floor.,Cindy Farmer,Fantasy,2,Branch-2,27,Kelly Warner,2023-09-26,2023-07-06
48,Whom student.,Ryan Young,Fantasy,1,Branch-1,100,Penny Russell,2024-05-26,2023-12-09
49,Tax control.,Ashley Parsons,Fantasy,3,Branch-3,48,Ann Todd,2023-01-31,2023-12-07
50,Machine professor wait.,Rebecca Sanders,Fiction,1,Branch-1,16,Jessica Griffin,2023-02-21,2023-12-13
51,Always.,Steven Mcdaniel,Mystery,5,Branch-5,56,Elizabeth Smith,2024-07-27,2023-03-16
52,Control camera.,Nathaniel West,Fiction,3,Branch-3,96,John Brewer,2023-04-15,2024-08-18
53,Perform night film.,Veronica Patterson,Sci-fi,5,Branch-5,81,Thomas Jones,2024-11-08,
54,Force computer.,Barry Noble,Sci-fi,2,Branch-2,42,Cassandra Barry,2024-03-04,2023-06-18
55,Develop suffer form.,Scott Williams,Biography,1,Branch-1,99,Joel Parker,2023-12-24,
56,You.,William Jacobs,Non-fiction,3,Branch-3,12,Tyler Holt,2023-08-12,2024-10-29
57,Bar show.,Christina Stone,Sci-fi,3,Branch-3,59,Charles Johnson,2024-09-28,2024-11-07
58,Growth project.,Howard Mcmillan,Mystery,4,Branch-4,27,Scott Barrera,2022-12-01,
59,Huge couple professional.,Tammy Johnson,Sci-fi,3,Branch-3,22,Paula Morrow,2023-07-15,2023-05-20
60,Happen.,Taylor Burgess,Non-fiction,4,Branch-4,60,Morgan Russell,2023-08-16,2023-08-31
61,Subject into.,Savannah Gallagher,Mystery,2,Branch-2,23,Amy Melton,2024-07-02,2024-08-23
62,Either evidence meeting.,Daniel Lopez,Biography,2,Branch-2,51,Maria Hill,2023-09-09,2022-12-19
63,East far.,Amber Fernandez,Fantasy,4,Branch-4,92,Shannon Huerta,2023-07-10,2024-08-30
64,Summer anyone.,Roger Stevenson,Mystery,2,Branch-2,97,Patrick Jones,2024-08-23,2023-02-13
65,Popular commercial carry road.,Laura Green,Non-fiction,2,Branch-2,40,Linda Weiss,2023-02-11,2022-11-28
66,Word talk.,Grace Burns,Mystery,4,Branch-4,18,Michael Chase,2024-10-07,2023-02-16
67,Return make.,Pamela Vincent,Mystery,5,Branch-5,1,Jessica Morris,2024-04-20,2023-11-03
68,Technology audience ability.,Nicole Lewis,Fiction,1,Branch-1,28,Holly Hernandez,2024-11-14,2024-08-11
69,Team father book.,Yvonne Johnson,Mystery,3,Branch-3,15,Lisa Robinson,2023-03-24,
70,Stop stand.,Kimberly Charles,Sci-fi,5,Branch-5,3,Alexis Wright,2023-03-07,2023-01-28
71,Movie to.,David Rogers,Fiction,3,Branch-3,50,Brandon Brown,2023-10-07,2024-11-20
72,Support rise.,James Baker,Non-fiction,4,Branch-4,18,James Jones,2023-10-28,
73,Behavior meeting green.,Brian Smith,Mystery,4,Branch-4,82,Travis Burch,2023-03-03,2024-02-21
74,Reason whom.,Casey Garcia,Mystery,2,Branch-2,79,Michael Martinez,2024-11-02,2024-01-09
75,Most current.,Brittany Hinton,Sci-fi,5,Branch-5,86,Timothy Moore,2024-06-11,2023-02-19
76,Task beautiful life.,Gwendolyn Burton,Non-fiction,5,Branch-5,85,Grant Hurley,2024-11-14,2023-06-01
77,Husband media.,William Moore,Mystery,4,Branch-4,42,Jacob Lawrence,2024-08-17,2023-11-29
78,Form relate on.,Robert Marquez,Mystery,4,Branch-4,90,Jenny Silva,2023-01-18,2024-04-12
79,Do authority see.,Elizabeth Walter,Fiction,4,Branch-4,27,Michelle Bradley,2023-11-20,2023-04-21
80,Create difficult.,Jessica Hayes,Fantasy,4,Branch-4,83,Brittany Berry,2022-12-04,2023-10-13
81,Mean choice she.,David Graham,Sci-fi,1,Branch-1,81,Michael Jensen Jr.,2023-12-05,2024-03-02
82,Wide wish treatment everything.,Richard Hayes,Non-fiction,4,Branch-4,76,David Wang,2023-04-14,2024-10-28
83,Reason.,Joseph Soto,Fantasy,1,Branch-1,35,Melissa Vargas,2023-03-13,2023-03-15
84,Sound right.,William Mitchell,Fantasy,1,Branch-1,81,Amy Jones,2023-04-21,2023-05-09
85,Democratic.,Stephanie Brown,Biography,3,Branch-3,84,Jasmine Ward,2024-10-07,
86,Too event also.,John Thornton,Mystery,1,Branch-1,29,Tony Price,2024-05-26,2023-07-20
87,Finish.,Gregory Miles,Mystery,2,Branch-2,77,Jessica Ortega,2024-11-02,2024-10-26
88,Create school.,Judy Smith,Non-fiction,2,Branch-2,69,Jill Ochoa,2024-03-17,2023-01-28
89,Field inside what.,Christopher Gonzalez,Fiction,1,Branch-1,6,Clarence Massey,2023-06-12,
90,Tv throughout.,Dawn Smith,Sci-fi,4,Branch-4,56,Lori Brennan,2023-12-22,2023-03-23
91,Building build.,Mary Meyers,Fiction,4,Branch-4,55,Kayla Andrews,2024-07-14,
92,Theory low own.,Angela Butler,Fiction,5,Branch-5,26,Amanda Rivera,2023-04-08,2024-02-03
93,Trouble then.,Shawn Smith,Mystery,1,Branch-1,33,Michael Pace,2024-11-22,2023-09-08
94,Four place last.,Jennifer Gray,Fantasy,4,Branch-4,47,Kathryn Schultz,2024-04-02,
95,Name five.,Brandy Schwartz,Mystery,1,Branch-1,82,James Lara,2023-11-02,2023-08-13
96,Newspaper feel help.,Tracie Watkins,Fiction,2,Branch-2,95,Linda Vang,2024-01-07,2024-04-12
97,Land local.,Eric Morrison,Biography,3,Branch-3,36,Joel Newman,2024-05-01,2024-02-27
98,Our together.,Melissa Mann,Non-fiction,4,Branch-4,21,Jared Wilson,2024-03-04,2024-06-10
99,Operation foot impact.,Elizabeth Patrick,Non-fiction,2,Branch-2,74,Amber Hicks,2024-06-22,2022-12-30
100,Respond American.,Cindy Hughes,Fiction,1,Branch-1,27,Mark Page,2023-05-21,2023-07-19
101,Particular out.,Vanessa Brewer,Sci-fi,4,Branch-4,59,Christopher Bowen,2023-04-24,2024-01-03
102,Produce.,Amy Duncan,Fantasy,5,Branch-5,71,Shannon Davis,2023-03-19,2023-10-07
103,Which they himself.,Jocelyn Mcconnell,Fantasy,2,Branch-2,70,Christopher Brown,2023-08-06,
104,Game itself.,Ryan Brown,Non-fiction,2,Branch-2,77,James Singleton,2022-12-21,2024-07-03
105,Recent exist.,Ryan Bailey,Mystery,3,Branch-3,21,George Chapman,2023-07-12,2023-04-25
106,Sign various.,Danielle Goodman,Sci-fi,4,Branch-4,37,Thomas Carter,2023-07-04,2023-10-16
107,Ability region six.,Thomas Tapia,Fantasy,3,Branch-3,7,John Wolf,2023-06-12,2023-05-10
108,Mother fine industry.,Catherine Nolan,Biography,1,Branch-1,40,Mrs. Michelle Alexander DVM,2024-03-31,2024-08-18
109,Another inside.,Hunter Bennett,Biography,5,Branch-5,41,Theresa Hays,2023-11-12,2024-08-12
110,Police.,Robert Smith,Mystery,4,Branch-4,47,Catherine Jackson,2024-09-24,2024-11-14
111,Fight.,Jeremy Hansen,Fiction,3,Branch-3,3,Donald Barrera,2024-08-28,2024-09-22
112,Item information.,Garrett Whitaker,Fiction,3,Branch-3,11,Cheryl Knight,2024-09-22,
113,Go head six.,Hunter Martin,Biography,3,Branch-3,73,David Jarvis,2024-07-22,2023-02-24
114,Benefit tax.,Bradley Morales,Fantasy,5,Branch-5,35,Keith Young,2023-10-28,2023-08-11
115,Challenge role.,Austin Jennings,Mystery,2,Branch-2,37,Ann Martinez,2024-05-01,2024-10-03
116,Agent.,Christine Erickson,Sci-fi,4,Branch-4,94,John Smith,2024-01-10,2024-02-01
117,Candidate window.,Heather Vazquez,Mystery,2,Branch-2,15,Maureen Smith,2023-09-13,2024-10-28
118,Method white.,Gary Maldonado,Fiction,4,Branch-4,9,Jennifer Raymond,2023-09-25,
119,Single history.,Edward Austin,Fantasy,3,Branch-3,64,Thomas Irwin,2024-08-23,2024-05-19
120,Risk cost.,Mallory Pope,Non-fiction,1,Branch-1,40,Alexander Mitchell,2023-03-16,2024-03-28
121,Left just effect.,Andrew Rice,Biography,4,Branch-4,91,Amanda Clark MD,2024-11-20,2023-08-02
122,For resource generation.,Mary Chavez,Non-fiction,5,Branch-5,63,Charles Bailey MD,2023-04-22,2023-01-07
123,System amount college.,Mr. Jose Stanley,Fantasy,3,Branch-3,33,Eric Reilly,2024-11-21,2023-01-16
124,Consumer society fish.,Frank Tran,Mystery,5,Branch-5,51,Christopher Conner,2024-09-13,2023-10-19
125,Budget maintain guy.,Victor Young,Fantasy,1,Branch-1,45,Kevin Newman,2023-03-29,
126,Audience prevent local.,Patrick Brown,Fantasy,4,Branch-4,17,Jessica Yang,2023-08-07,
127,Fight leave.,Sandra Guerrero,Fantasy,2,Branch-2,38,Cory Garcia,2023-03-20,
128,Identify understand finally prevent.,Robert Kennedy,Mystery,2,Branch-2,4,James Horton,2023-08-03,2024-06-07
129,Town author.,Bryan Hill,Mystery,1,Branch-1,26,Theresa Gonzales,2024-08-04,2023-07-02
130,Small someone.,Devin Lewis,Biography,1,Branch-1,64,Cody Shelton,2024-10-10,2023-05-17
131,Court cover.,Melanie Lopez,Mystery,5,Branch-5,52,Michael Adams,2024-09-26,2024-04-05
132,Art kind employee.,Nicholas Robinson,Fantasy,1,Branch-1,27,Oscar Berry,2024-07-23,2024-10-18
133,Wear land force.,Kathryn Peterson,Fiction,2,Branch-2,35,Jane Melendez,2023-02-25,2024-05-28
134,Article which.,Kevin Lane,Fantasy,4,Branch-4,88,John Novak,2023-12-03,2023-12-05
135,Explain daughter.,Mr. Richard Jones,Fiction,4,Branch-4,60,James Logan,2024-06-04,2023-11-10
136,Truth since treat.,Christopher Riddle,Mystery,3,Branch-3,18,Ariana Jenkins,2024-08-18,2023-01-03
137,Threat because.,Anthony Arias,Fiction,2,Branch-2,55,Kathryn Bruce,2024-05-18,2024-03-30
138,Minute stuff finally.,Mitchell Petersen,Non-fiction,3,Branch-3,65,Alison Hamilton,2023-05-02,2023-11-23
139,Really indeed example enough.,Edward Johnson,Fiction,5,Branch-5,23,Katherine Sims,2024-01-13,2023-01-25
140,Plan wrong dog.,Karen Scott,Fiction,5,Branch-5,22,Michael Delgado,2023-10-13,2023-09-16
141,Charge natural.,Kevin Sutton,Fantasy,1,Branch-1,88,William Mayo,2024-02-29,
142,Night much stage.,Amanda Perkins,Fantasy,5,Branch-5,33,Gordon Williams,2024-01-23,2023-04-04
143,Time voice education.,Jenna Smith,Fiction,2,Branch-2,72,Samantha Williams,2024-09-22,2023-03-26
144,Very live to.,Michelle Reed,Fantasy,5,Branch-5,40,Justin Barron,2024-02-20,2024-09-12
145,Tend tough choose.,James Carter,Non-fiction,5,Branch-5,86,Alison Martinez,2024-09-25,2023-08-10
146,Defense someone.,Sandra Lawrence,Sci-fi,3,Branch-3,58,Shane Wallace Jr.,2024-03-17,2024-09-04
147,Team.,Tracy Moore,Fantasy,4,Branch-4,37,Jessica Jones,2024-09-14,
148,Training particular example.,Paul Kelley,Biography,1,Branch-1,83,Alexis Foster,2024-07-07,2024-05-06
149,Already operation dark.,Erin Mcknight,Mystery,2,Branch-2,68,Carla Townsend,2023-10-28,
150,Later me full.,Timothy Lawson,Mystery,5,Branch-5,22,William Palmer,2023-04-30,2023-01-19
151,Else environmental Congress.,Stephanie Ballard,Biography,2,Branch-2,71,Elizabeth Hill,2023-06-21,2024-02-28
152,Dream important notice.,Joseph Thompson,Fiction,1,Branch-1,23,Jonathan Greene,2024-03-29,
153,Any west pick.,John Herrera Jr.,Biography,1,Branch-1,22,Jacob Jimenez,2023-06-30,
154,Walk and whatever.,Natalie Livingston,Fiction,4,Branch-4,46,Dwayne Anthony,2024-06-27,
155,That particularly letter.,Traci Smith,Fiction,5,Branch-5,76,Mark Bailey,2023-07-11,2023-01-12
156,Place whom tell.,Sean Cameron,Biography,2,Branch-2,59,Mark Fritz,2024-06-15,2023-05-21
157,Protect yourself particular.,Tracy Patel,Biography,5,Branch-5,23,Stephen Burke,2024-07-02,2023-11-24
158,Well letter could senior.,Richard Williams,Mystery,5,Branch-5,39,Stephen Hall,2024-01-27,2024-11-03
159,Opportunity stop.,Lindsey Mcclure,Non-fiction,3,Branch-3,99,Christopher Francis,2024-07-22,
160,Behavior.,Zachary Diaz,Non-fiction,4,Branch-4,86,Eric Valenzuela,2023-05-11,2024-06-22
161,Nearly follow building.,Sherry Wall,Sci-fi,1,Branch-1,87,Michele Gillespie,2023-04-11,2024-02-10
162,Energy police sister.,Joe Ferguson,Fiction,4,Branch-4,84,Daniel Ramirez,2024-01-09,2024-01-11
163,Thought growth instead.,Henry Green,Fantasy,2,Branch-2,26,Matthew Smith,2023-03-23,2024-08-09
164,Thank.,Ricardo Landry,Non-fiction,3,Branch-3,72,Vanessa Rangel,2023-08-08,2023-06-16
165,Suggest short become.,Mark Moreno,Fiction,3,Branch-3,64,Cynthia Sims,2023-08-30,
166,Method remain democratic.,Tara Walker,Fiction,3,Branch-3,82,Stephanie Pena,2022-12-08,2024-03-24
167,Trade hour campaign.,Tracy Smith,Mystery,3,Branch-3,45,Lisa Marshall,2024-02-03,2023-01-11
168,Necessary charge.,Karen Boyle,Biography,5,Branch-5,52,Jaclyn Wallace,2024-10-13,
169,Analysis marriage minute age.,Michelle Leonard,Non-fiction,3,Branch-3,31,Rebecca Fitzgerald,2024-01-25,2024-04-04
170,Order against high.,Laurie Nelson,Biography,2,Branch-2,4,Jeremy Freeman,2023-03-10,2023-07-11
171,American skill.,William Zavala,Mystery,1,Branch-1,31,Adam Davis,2023-07-25,2022-12-16
172,Green bring.,Dillon Bush,Fantasy,1,Branch-1,37,Jamie Carpenter,2023-04-09,2023-11-07
173,Little movement.,Juan Hughes,Fantasy,4,Branch-4,45,Grace Davis,2023-12-26,2024-03-18
174,Place nice.,Stacy Gordon,Non-fiction,2,Branch-2,51,Mary Ballard,2023-04-03,2024-04-01
175,Light brother time.,Jennifer Bradley,Mystery,4,Branch-4,66,Carl Warren,2024-01-26,2024-04-30
176,Mother such magazine.,Daniel Walker,Biography,1,Branch-1,88,Kyle Wilkinson,2023-04-06,2023-04-23
177,Hard add decade.,David Smith,Fiction,2,Branch-2,75,Devon Walker,2024-06-14,2023-09-30
178,Full century.,Elizabeth Vance,Fantasy,3,Branch-3,51,Stacie Smith,2024-04-01,2023-10-25
179,Parent five window.,Dr. Tyler Adams,Mystery,4,Branch-4,61,David Cain,2023-10-12,
180,Idea expert score.,Shawn Collier,Sci-fi,1,Branch-1,17,Jessica Cruz,2024-09-05,2024-02-02
181,Daughter.,Brooke Lucero,Biography,3,Branch-3,7,Patrick Taylor,2024-09-30,2024-10-06
182,Alone style.,Michael Matthews,Non-fiction,3,Branch-3,14,Dwayne Hancock,2023-03-10,2024-07-13
183,Again.,Roger Rogers,Non-fiction,3,Branch-3,25,James Williams,2024-10-09,
184,Significant school.,Michael Proctor,Biography,1,Branch-1,48,Richard Baker,2023-12-08,2023-02-15
185,For whom agree little.,Elizabeth Perry,Sci-fi,3,Branch-3,69,Carol Lucas,2023-08-11,2024-04-10
186,Far factor.,Aaron Estes,Fiction,3,Branch-3,33,Christopher Ellis,2022-12-13,
187,Buy set.,Paul Murray,Non-fiction,5,Branch-5,89,Emily Smith,2023-02-25,2023-12-26
188,Rock wonder while.,Colleen Rowe,Fantasy,5,Branch-5,87,Anthony Anderson,2024-09-05,2023-02-05
189,Put century.,James Lopez,Sci-fi,1,Branch-1,79,Amy Mitchell PhD,2024-11-25,
190,Major yes.,Gregory Doyle,Biography,3,Branch-3,91,Jessica Gonzalez,2023-06-28,2024-05-03
191,Paper.,Jillian Anderson,Non-fiction,2,Branch-2,90,Robin Evans,2023-02-26,2024-02-22
192,Strong standard official.,Adriana White,Biography,1,Branch-1,77,Carolyn Simpson,2024-04-11,
193,Before structure.,Brenda Ramirez,Fiction,2,Branch-2,63,James Thomas,2024-09-12,2024-01-11
194,Every perform.,Nicholas Duarte,Fiction,5,Branch-5,20,Hannah Horton,2023-11-05,2023-07-10
195,Ok song describe.,Maria Rocha,Biography,3,Branch-3,29,Carlos Barber,2024-03-29,
196,Consider form.,Michael Sanchez,Mystery,1,Branch-1,93,Howard Smith,2024-07-20,2023-08-08
197,Remain always practice do.,Kimberly Collins,Biography,2,Branch-2,80,Nicholas Thompson,2023-03-31,2024-10-15
198,Traditional kind.,Karen Martin,Sci-fi,1,Branch-1,66,Marcus Grant,2024-11-01,2023-05-04
199,Include couple industry.,Harry Anderson,Biography,4,Branch-4,19,Antonio Padilla,2023-05-28,
200,Authority letter effort.,Charles Curry,Fantasy,2,Branch-2,8,Sophia Ramirez,2024-10-01,2023-12-20
201,Idea pull already.,Tami Osborn,Sci-fi,3,Branch-3,51,Mark Quinn,2023-07-29,2024-10-01
202,Measure game.,Michael Ayala,Fantasy,1,Branch-1,86,Manuel Jackson DDS,2023-04-23,2024-03-29
203,Community choose should.,Roy Burns,Mystery,3,Branch-3,56,Lauren Mcbride,2023-04-25,
204,Her where certainly.,Steven Robinson,Mystery,2,Branch-2,70,William Miller Jr.,2024-02-22,2023-01-18
205,Lot.,Lindsey Chavez,Biography,2,Branch-2,46,Jeffery Lopez,2023-06-25,2023-03-28
206,Green know owner.,Kristen Wood,Fantasy,1,Branch-1,63,Jamie Ramirez,2024-11-17,2023-07-25
207,Catch memory dog.,Anthony Vargas PhD,Fantasy,2,Branch-2,14,John Davidson,2024-07-18,2024-10-08
208,Condition church executive.,John Mitchell,Biography,5,Branch-5,26,Andrea Griffin,2024-03-02,2024-07-31
209,Since suggest.,Stacy Zavala,Sci-fi,1,Branch-1,91,Brendan Hunter,2023-05-03,2023-08-17
210,Anything state now.,Wesley Moore,Sci-fi,3,Branch-3,20,Hannah Vasquez,2023-10-14,2024-06-15
211,Man part firm.,Christopher Thompson,Mystery,4,Branch-4,44,William Guerrero,2023-04-18,2023-01-20
212,Think defense.,Amber Kelly,Fantasy,1,Branch-1,31,Jennifer Ibarra,2023-03-20,
213,System manage.,Lisa Stark,Sci-fi,5,Branch-5,91,Casey Osborn,2024-10-08,2023-04-14
214,Page sit time.,Sandra Young,Sci-fi,3,Branch-3,93,Ralph Perez,2023-02-03,2023-06-23
215,There join feeling law.,Spencer Bradley,Biography,1,Branch-1,29,Richard Escobar DDS,2023-10-03,2024-05-19
216,Week western serve.,Paul Cowan,Fantasy,5,Branch-5,81,Calvin Romero,2024-09-19,2024-03-16
217,Maybe yes choice.,Kurt Holmes,Fiction,4,Branch-4,98,Jeremy Daniels,2024-01-10,2024-11-08
218,If dinner.,Ashley Terry,Non-fiction,5,Branch-5,36,Mrs. Kelly Boyd,2024-07-19,2023-12-01
219,Project write analysis.,Vanessa Oneal,Non-fiction,1,Branch-1,1,Joanna Wilkins,2024-09-12,2022-12-20
220,Inside prevent.,Lance Schwartz,Fiction,3,Branch-3,60,Jasmine Mcgee,2023-07-25,
221,Performance social.,Kari Jordan,Fantasy,4,Branch-4,27,Troy Robinson,2023-09-18,2023-05-31
222,Weight yard voice spring.,Kyle Martinez,Non-fiction,2,Branch-2,9,Wendy Weaver,2024-05-15,2024-11-17
223,Market five way.,Melissa Sims,Biography,1,Branch-1,3,Andrew Patterson,2024-04-05,2023-05-06
224,Carry nothing.,Gregory Smith,Sci-fi,3,Branch-3,58,Claire Knight,2023-09-01,2024-08-03
225,Dream half.,Joseph Thompson,Sci-fi,1,Branch-1,57,Thomas Smith,2024-10-02,2023-07-17
226,Happy month.,Joseph Travis,Fantasy,5,Branch-5,41,Deborah Roberts,2023-05-31,
227,Fall court start along.,Leslie Tucker,Biography,4,Branch-4,26,Thomas Singh,2023-06-28,2023-09-19
228,Now answer lot item.,Daniel Moore,Sci-fi,5,Branch-5,3,Tiffany Smith,2022-11-27,2024-02-24
229,Responsibility whose.,Linda Baker,Fantasy,1,Branch-1,22,Jonathon Harris,2024-08-06,2023-12-16
230,Exactly know.,Olivia Gomez,Biography,2,Branch-2,94,Madison Garcia,2023-11-04,2024-10-23
231,Wall leave western.,Patricia Cobb,Fantasy,4,Branch-4,3,Gregory Anderson,2024-10-01,2024-07-27
232,Need Mr.,Candice Burton,Non-fiction,3,Branch-3,92,Elizabeth Ramirez,2023-05-18,2023-06-20
233,Whether unit its police.,Leslie Valdez,Fiction,4,Branch-4,50,Martin Smith,2024-05-31,2023-03-28
234,Several question.,David Lyons,Mystery,4,Branch-4,99,Kayla Moreno,2024-03-26,
235,Participant scene back.,Jason Sandoval,Sci-fi,5,Branch-5,87,Regina Butler,2023-05-12,
236,Animal probably.,Brandon Long,Fantasy,1,Branch-1,52,Donald Tucker,2024-03-24,2024-04-16
237,Another lose.,Laura White,Fiction,1,Branch-1,91,Jeffrey Gould,2023-04-08,2023-04-21
238,Fact upon.,Emily Smith,Fiction,1,Branch-1,86,Roy Wong,2023-12-13,2023-12-12
239,Sell yet suggest.,Kellie Miller,Sci-fi,1,Branch-1,29,Juan Contreras,2023-10-10,2024-02-18
240,Participant trouble new wall.,Christopher Stevens,Biography,5,Branch-5,52,Daniel Lewis,2023-01-30,2023-05-29
241,Back suggest move.,Kenneth Schneider,Non-fiction,3,Branch-3,30,Karen Cole,2024-02-24,
242,Son which board.,Craig Valdez,Fiction,1,Branch-1,31,Michelle Thomas,2024-11-14,2023-08-01
243,Measure knowledge usually.,Heather Moore,Fiction,4,Branch-4,9,Kevin Williams,2024-01-18,
244,Water management.,Maria Williams,Fiction,2,Branch-2,96,Catherine Blankenship,2024-11-14,2024-08-07
245,Democratic.,Jerry Price,Fantasy,1,Branch-1,54,Yvonne Maldonado,2023-12-04,2023-07-17
246,Carry expert.,Jonathan Wolfe,Biography,1,Branch-1,74,Michelle Townsend,2024-03-13,2023-07-15
247,Nice election.,Jane Kramer,Biography,1,Branch-1,4,Nicholas Little,2024-02-04,2023-03-13
248,Them author.,Paul Hines,Mystery,4,Branch-4,51,Christian Bates,2023-01-26,2024-03-30
249,Visit opportunity light.,Christopher Davis,Non-fiction,5,Branch-5,41,Jamie Hayes,2024-04-06,2024-07-20
250,Space none.,Bailey White,Fantasy,1,Branch-1,84,Timothy Mason,2024-01-31,2023-09-19
251,Apply collection name.,Carla Hayes,Fantasy,1,Branch-1,33,Robert Baird,2022-12-20,2024-08-04
252,Open fire.,Alexander Russell,Biography,1,Branch-1,43,Diana Andrews,2024-05-05,2024-01-17
253,Picture store sit.,Virginia Willis,Non-fiction,2,Branch-2,85,Lauren Thomas,2023-04-08,2024-06-29
254,Else drop test.,John Mitchell,Fiction,5,Branch-5,45,Mrs. Mary Mcdaniel MD,2024-05-25,2023-08-28
255,Experience down.,Mark Rodriguez,Non-fiction,5,Branch-5,42,Clayton Potter,2023-06-23,
256,Skill know however.,Brian Rich,Non-fiction,3,Branch-3,10,Joseph Gibson,2023-09-13,2024-01-25
257,During water.,Mrs. Cheryl Garcia,Non-fiction,5,Branch-5,65,Anthony Zamora,2023-08-28,2024-08-26
258,Dream about response.,Kenneth Ellis,Fiction,3,Branch-3,71,Peter Horton,2023-08-30,2023-03-29
259,Piece form.,Mr. George Williams DDS,Non-fiction,4,Branch-4,43,Russell Li,2023-03-09,
260,Eight high.,Amanda Myers,Mystery,2,Branch-2,63,Joseph Hebert,2023-09-29,2023-08-14
261,Feel affect environmental.,David Thornton,Sci-fi,3,Branch-3,80,Andrew Medina,2024-08-27,
262,Strong move.,Karen Knight,Non-fiction,5,Branch-5,17,Jessica Davenport,2023-12-09,
263,Whole this use offer.,James Jones,Biography,2,Branch-2,49,Sarah Mcfarland,2023-01-09,2024-06-18
264,Just hot.,Lisa Baker,Sci-fi,2,Branch-2,45,Jessica Smith,2024-11-11,2023-12-07
265,Mission past.,Joseph Smith,Biography,4,Branch-4,79,Mrs. Brittany Larsen,2023-12-30,2023-06-30
266,Sort share.,Christian Wilson,Fantasy,5,Branch-5,9,Kim Burns,2023-01-03,2024-10-19
267,Win up radio.,Lisa Clark,Sci-fi,3,Branch-3,17,Lori Huffman,2023-07-14,2023-05-21
268,Something reality.,Rachel Snyder,Mystery,5,Branch-5,14,Jason Smith,2024-09-19,2024-11-25
269,Control high.,Hunter Freeman,Fantasy,4,Branch-4,21,Sheila Lopez,2024-03-26,2024-01-18
270,Similar power despite.,Chelsea Mckinney,Biography,4,Branch-4,46,Jaime Smith,2024-04-17,2022-12-12
271,Price bill.,David Carpenter,Biography,4,Branch-4,56,Jenna Gonzalez,2023-09-26,2022-12-11
272,Then trouble.,Shelly Ellison,Biography,3,Branch-3,62,Billy Deleon,2023-04-06,2024-01-01
273,Prepare pressure maintain.,Brianna Smith,Non-fiction,3,Branch-3,11,Stacey Johnston,2024-08-31,2024-11-13
274,Late information.,Jeremy Yates,Mystery,4,Branch-4,85,Scott French,2024-01-04,2023-12-21
275,Put very reveal.,Justin Soto,Sci-fi,1,Branch-1,75,Cody Lane,2023-11-18,2022-12-31
276,Word want local.,Danielle Edwards,Biography,5,Branch-5,68,Brittany Rivera,2023-01-14,2024-11-09
277,Worker compare.,Stacey Davis,Sci-fi,3,Branch-3,29,Dr. Craig Livingston Jr.,2024-04-03,
278,Discover each much.,Amy Jenkins,Biography,5,Branch-5,53,Jamie Edwards,2023-07-24,
279,Simply attack man.,Phillip Miller,Biography,4,Branch-4,50,John Williams,2024-05-29,
280,Memory production.,Debra Olson,Non-fiction,5,Branch-5,90,Robert Norris,2023-06-01,
281,Production state anyone.,Amy Bird,Mystery,2,Branch-2,86,Kimberly Sanford MD,2024-02-25,2023-04-15
282,North fish reason.,Kelli Small,Fiction,5,Branch-5,81,Derrick Alexander,2024-09-16,2024-02-28
283,Threat through focus.,Carol Harris,Biography,1,Branch-1,30,Miranda Cantu,2024-02-27,2023-06-03
284,Author.,Jason Wood,Non-fiction,3,Branch-3,95,Ashley Brown PhD,2023-03-18,2024-06-22
285,Middle usually produce.,Jeremiah Le,Fantasy,5,Branch-5,100,Karen Rodriguez,2023-03-06,2022-12-07
286,Bank somebody.,Jose Miller,Non-fiction,1,Branch-1,89,Bryan Valentine,2024-06-16,
287,Its whatever skill.,Latoya Long MD,Fiction,5,Branch-5,95,Joseph Simmons,2023-03-05,2023-09-02
288,Science smile Mrs also.,Cory Ritter,Fiction,4,Branch-4,73,David Harmon,2023-04-05,2024-10-23
289,Have.,Paul Freeman,Biography,1,Branch-1,34,Erin White,2024-01-09,
290,Situation movement whatever.,Tanya Richards,Fiction,1,Branch-1,27,Michelle Baker DVM,2022-12-14,2023-01-17
291,Politics radio system region.,Sydney Greer,Fantasy,1,Branch-1,97,Matthew Gardner,2023-09-18,
292,Difficult cause start.,Lori Reynolds,Mystery,4,Branch-4,54,Carlos Jensen,2024-01-19,2024-06-21
293,Five TV.,Gloria Todd,Non-fiction,4,Branch-4,66,Jeffery Gillespie,2022-12-18,
294,Production.,Joshua Sherman,Fiction,5,Branch-5,3,Joshua Lewis,2022-12-24,
295,Play water.,Michael Jones,Sci-fi,4,Branch-4,71,Stephanie Smith,2024-11-17,2024-03-22
296,Scientist direction yard.,Linda Lang,Non-fiction,3,Branch-3,2,Kenneth Ray,2024-08-23,2024-11-19
297,Get fear.,Martin Carter,Mystery,1,Branch-1,87,David Price,2024-11-07,2023-02-05
298,Various community.,Robert Foster,Fiction,3,Branch-3,1,William Thompson,2023-11-28,2023-09-23
299,Specific in both.,Joshua Fisher,Fiction,5,Branch-5,12,Marc Miller,2024-06-12,2024-03-15
300,Beyond work.,Allison Castillo,Mystery,4,Branch-4,94,Angelica Lawrence,2023-10-13,2023-06-15
301,Field possible.,Michael Warren,Sci-fi,2,Branch-2,47,Shannon Ray DDS,2023-06-13,
302,Western southern might instead.,Angela Ware,Sci-fi,4,Branch-4,61,Emily Hernandez,2024-07-27,
303,Television record our.,Jason Hill,Fantasy,4,Branch-4,35,Melissa Guerra,2023-06-16,
304,Ball buy kid.,Daniel Carrillo,Mystery,4,Branch-4,68,Danny Fields,2024-07-17,2024-10-19
305,Congress design else.,Melissa Sutton,Biography,2,Branch-2,89,Dr. Megan Henderson,2024-09-25,
306,Perform provide.,Anna Chapman,Biography,4,Branch-4,68,Kimberly Cervantes,2023-09-19,2024-02-18
307,Maintain main.,Autumn Gray,Sci-fi,2,Branch-2,62,Hannah Miller,2024-11-12,
308,Ok theory.,Dr. Debra Kelly MD,Fantasy,5,Branch-5,80,Trevor Lopez,2023-11-14,2024-02-28
309,Identify explain week.,Kenneth Cummings,Biography,3,Branch-3,95,Julie Whitaker,2023-02-13,2023-02-24
310,Amount also pretty.,Shawn Oliver,Non-fiction,5,Branch-5,40,Scott Bell,2024-02-27,
311,Marriage cultural able.,Sarah Sandoval,Fantasy,4,Branch-4,35,Randy Griffin,2023-11-17,2023-04-19
312,Interest certain hand type.,Tyler Gibson,Fantasy,4,Branch-4,5,Amanda Miller,2024-01-11,2024-05-10
313,Ability.,Veronica Alvarez,Mystery,5,Branch-5,68,Charles Liu,2023-06-09,2024-05-06
314,Write.,Jeff Johnson,Fantasy,4,Branch-4,19,Richard Bender,2024-01-12,2023-12-07
315,Me throughout office baby.,James Knight MD,Biography,5,Branch-5,13,Russell Alvarez,2023-01-19,2023-03-27
316,Laugh.,Crystal Sullivan,Fantasy,2,Branch-2,89,Susan Jones,2023-05-08,
317,Skin read out.,Bruce Shelton,Mystery,1,Branch-1,29,Kayla Beasley,2024-05-07,2022-12-03
318,Hope article.,Vanessa Mccarthy,Fantasy,1,Branch-1,49,Alyssa Larsen,2024-07-27,
319,Describe economic least.,Nicholas Hartman,Sci-fi,5,Branch-5,4,Kerry Rivas,2023-07-10,
320,Control arrive reduce.,Colin Sims,Mystery,3,Branch-3,20,Sandra Lopez,2024-07-11,2024-02-16
321,Outside respond worry population.,Christopher Patel,Sci-fi,2,Branch-2,7,Edwin Miller,2023-04-23,2022-12-31
322,Position.,Amy Meyers,Non-fiction,5,Branch-5,36,Heather Freeman,2023-05-16,2023-10-21
323,Theory law Congress.,Natasha Atkins,Fiction,1,Branch-1,88,Dylan Lynch,2024-08-21,2023-07-11
324,Ago film ago.,Michael Thomas,Mystery,2,Branch-2,38,Kimberly Kelley,2023-06-05,2024-01-27
325,Take plan.,Kayla Medina,Fantasy,5,Branch-5,73,Roger Hamilton,2022-12-10,2024-07-12
326,Drug thought opportunity.,Kevin Gomez,Mystery,2,Branch-2,89,Dr. Tammy Romero,2023-10-19,2023-10-05
327,Return smile into.,Aaron Hancock,Biography,3,Branch-3,67,Robert Kelly,2023-09-25,
328,Industry a large inside.,Tina Perez,Sci-fi,2,Branch-2,5,Kevin Torres,2023-04-23,2024-08-04
329,Shake culture financial.,Keith Hill,Biography,3,Branch-3,48,Steve Conrad,2024-03-30,2024-10-20
330,Do brother.,John Schultz,Fantasy,5,Branch-5,39,Eric Gibson,2024-06-06,2023-05-10
331,House grow Congress.,Holly Aguilar,Biography,5,Branch-5,1,Michelle Thomas,2024-11-17,
332,Health pattern.,Patricia Peterson,Sci-fi,2,Branch-2,77,Laurie Kramer,2022-12-24,2022-12-22
333,We positive feel.,Melissa Herman,Mystery,5,Branch-5,13,Brandi Boyd,2023-07-02,2024-01-20
334,Nation local.,Michael Watson,Fantasy,3,Branch-3,92,Cheryl Banks,2024-11-09,2024-01-24
335,High admit born.,Mary Daugherty,Non-fiction,1,Branch-1,96,Jake Chambers,2024-05-02,2023-11-21
336,Resource guess rise.,Pamela Day,Sci-fi,5,Branch-5,84,Matthew Simmons,2024-08-20,
337,Company today.,Gina Baker,Biography,3,Branch-3,65,Martha Young,2024-05-27,2022-12-15
338,Bag parent fly.,Mary Smith DVM,Biography,2,Branch-2,14,Jared Middleton,2024-08-19,2024-09-09
339,Upon price.,Bryan Larson,Fantasy,3,Branch-3,49,Joshua Murphy,2024-09-07,2024-11-23
340,Rock economy.,Lisa George,Biography,2,Branch-2,63,Laurie Walker,2024-01-11,2023-12-21
341,Much chair difficult.,Christine Allen,Biography,4,Branch-4,4,Cynthia Gomez DDS,2024-10-29,2024-07-16
342,Unit believe new.,Amy Richards,Biography,4,Branch-4,20,Samantha Norris,2024-11-02,2024-08-17
343,Computer reflect but.,Michael Luna,Sci-fi,4,Branch-4,44,Edward Cook,2024-01-22,2023-04-07
344,Major first.,Hannah Ramirez,Sci-fi,1,Branch-1,94,Laura Kelley,2024-02-15,2024-09-07
345,Next wind big own.,Jason Peterson,Biography,4,Branch-4,89,Darren Rodriguez,2023-04-18,2023-01-03
346,Agent address.,Ashley Walters,Biography,1,Branch-1,2,Caitlin Becker,2023-11-24,
347,Use.,David Jones,Fiction,1,Branch-1,20,Kimberly Villarreal,2024-04-25,2024-08-21
348,Fire teach phone.,Rodney Gonzales,Mystery,1,Branch-1,75,Ricky Wilson,2024-01-11,
349,Week.,Clinton Bennett,Non-fiction,3,Branch-3,14,Pamela Hodge,2024-09-05,2024-07-23
350,Star shoulder.,Amy Brown,Sci-fi,1,Branch-1,50,Melinda Welch,2024-04-11,2024-05-22
351,Send if.,Sarah Johnson,Mystery,5,Branch-5,69,Steven Barrett,2023-07-22,2024-07-23
352,Now head.,Emily Gonzalez,Biography,2,Branch-2,13,Rebecca Roberts,2024-04-15,2023-04-05
353,Three small.,Timothy Strong,Fantasy,3,Branch-3,5,Jennifer Mitchell,2024-01-26,2024-03-06
354,Vote voice.,Mr. Kenneth Tran,Fantasy,4,Branch-4,37,Jackson Johnson,2024-06-14,2023-07-23
355,Throw study down.,Cole Hernandez,Fiction,1,Branch-1,26,Debra Williams,2023-01-07,2023-06-23
356,Key often write.,Douglas Beasley,Non-fiction,1,Branch-1,4,Jessica Archer,2024-09-21,2023-04-21
357,By not song.,Alex Morgan,Fantasy,5,Branch-5,40,Meredith White,2023-03-17,2024-07-17
358,Evidence.,Craig Johnson,Sci-fi,4,Branch-4,82,Leah Gonzalez,2024-08-11,
359,One event.,Joshua Thomas,Non-fiction,3,Branch-3,66,Taylor Phillips,2023-04-14,2023-06-16
360,Office will.,Karen Castillo,Fantasy,3,Branch-3,87,Cassandra Merritt,2024-09-20,
361,Draw low write no.,Ernest Ramos,Mystery,4,Branch-4,14,Michael Smith,2024-07-30,2023-12-23
362,Among from.,Christopher Short,Non-fiction,1,Branch-1,19,Kenneth Romero,2023-10-09,
363,Head miss trouble.,Tyler Bentley,Mystery,4,Branch-4,47,Daniel Rodriguez,2024-03-20,2024-02-04
364,Give government practice.,Mary Byrd,Non-fiction,2,Branch-2,72,Bryan Reed,2023-11-04,
365,Describe choice bring.,Corey Baird,Biography,5,Branch-5,73,Christopher Sandoval,2023-04-19,2023-11-18
366,House live.,Patrick Barker,Fiction,4,Branch-4,11,Erika Chambers,2023-07-20,2023-01-12
367,Decade note cold building.,Bonnie Cruz,Fiction,3,Branch-3,91,Aaron Walters,2022-12-27,2024-08-08
368,Style culture.,Amy Myers,Fiction,1,Branch-1,56,Victoria Larson,2024-07-09,2023-11-23
369,Word never.,Renee Barry,Sci-fi,3,Branch-3,38,Jack Moore,2023-09-28,2023-02-21
370,Else indeed.,James Stanley,Fantasy,4,Branch-4,31,Savannah Morales,2024-10-04,2023-04-09
371,Course.,Jennifer Wolfe,Fantasy,4,Branch-4,39,Amber Gentry,2023-07-07,2024-06-05
372,Hope kind concern.,William Russell,Biography,4,Branch-4,46,Donald Weaver,2024-04-16,
373,Letter computer.,William Montgomery,Fantasy,4,Branch-4,7,Susan Bass,2023-03-03,2024-08-29
374,Those great enter.,Jordan Campbell,Mystery,2,Branch-2,100,John Chambers,2024-02-10,2024-07-25
375,Call investment know.,Eileen Combs,Sci-fi,5,Branch-5,26,Brandon Clark,2023-02-07,2023-12-12
376,Explain wide number anyone.,Kurt Stevens,Fantasy,4,Branch-4,68,Melanie Webb,2023-06-13,
377,Dinner animal.,Justin Lee,Mystery,4,Branch-4,10,Richard Hernandez,2023-01-11,
378,His body gun.,Brian Klein,Sci-fi,1,Branch-1,35,Kelly May,2024-05-28,2024-11-12
379,Big main.,Danielle Patterson,Fantasy,4,Branch-4,40,Samantha Mcintyre,2022-12-26,2023-10-16
380,Measure property.,Christopher Cox,Fiction,4,Branch-4,14,Christopher Torres,2023-03-31,
381,Development game painting.,Travis Schneider,Mystery,1,Branch-1,55,Jeffrey Roman,2024-10-04,2024-03-20
382,Score then.,Danielle Bray PhD,Sci-fi,1,Branch-1,23,Joshua Lewis,2024-02-21,
383,Chance common.,Mrs. Janice Weaver DVM,Fantasy,4,Branch-4,51,James Wright,2023-08-31,2023-02-22
384,Director entire.,Michelle Coleman,Non-fiction,1,Branch-1,53,Jill Weber,2022-11-29,2024-01-09
385,For ready.,James James,Sci-fi,2,Branch-2,67,Patricia Thomas,2023-11-18,2023-10-09
386,Agreement seven wear.,Nancy Brown,Mystery,4,Branch-4,51,Margaret Smith,2024-08-18,
387,Scientist perform.,Larry Turner,Mystery,3,Branch-3,69,Michelle Hart,2022-12-25,2024-09-11
388,Several future.,Ashley Patel,Fiction,2,Branch-2,31,Melissa Thomas,2022-11-28,
389,Baby from rock.,Arthur Tucker,Biography,1,Branch-1,93,Crystal Robinson,2024-01-03,2024-11-09
390,Care culture.,Justin Jones,Fiction,1,Branch-1,72,Marcus Kelley MD,2023-02-27,2024-06-21
391,Always purpose health.,Katie Green,Sci-fi,5,Branch-5,34,Lauren Rodriguez,2023-08-09,
392,Training.,Gary Hubbard,Sci-fi,1,Branch-1,53,Sarah Novak,2023-12-06,2024-03-02
393,Course indeed.,David Jackson,Biography,4,Branch-4,24,Bryan Hicks,2024-08-02,2024-08-26
394,Think bring rate.,Christine Aguirre,Non-fiction,1,Branch-1,82,Philip Washington,2024-07-06,
395,Wear field back.,Logan Whitaker,Biography,2,Branch-2,55,Christina Kirby,2023-07-26,2024-04-25
396,Good very central.,Dawn Hughes,Fiction,3,Branch-3,91,Mary Romero,2024-03-13,2022-12-02
397,Happy lead.,Mr. Justin Anderson,Non-fiction,3,Branch-3,82,Leslie Tucker,2023-06-04,2023-11-17
398,And suddenly.,Stanley Blankenship,Biography,3,Branch-3,46,Jessica Young,2023-07-26,2023-05-21
399,Success record.,Elizabeth Clark,Fiction,1,Branch-1,62,Shawn Kemp,2024-03-14,2023-03-30
400,Impact at trade fact.,Melissa Munoz,Biography,3,Branch-3,73,Lisa Bass,2024-11-19,
401,Camera hour college.,Raymond Carney,Sci-fi,2,Branch-2,16,Sierra Vega,2023-09-11,2023-06-17
402,Direction find very.,Kenneth Williams,Biography,3,Branch-3,45,Brandy Beck,2024-11-18,2023-03-17
403,Few show.,Beth Mitchell,Fantasy,3,Branch-3,75,Sharon Barker,2024-01-23,
404,Listen several.,Melissa Ferguson,Mystery,2,Branch-2,31,Mariah Pennington,2023-11-15,2023-02-26
405,Role.,Meghan Vang,Sci-fi,5,Branch-5,85,Shawn Gutierrez,2024-08-21,
406,Serious table.,Benjamin Lee,Sci-fi,4,Branch-4,89,Brian Smith,2023-09-17,2024-09-22
407,Reason land.,Daniel Lee,Mystery,5,Branch-5,36,Lori Alvarez,2022-12-24,2023-02-25
408,Might begin guy.,Kimberly Nelson,Biography,2,Branch-2,99,Cole Williams,2024-09-20,2024-11-10
409,Somebody beyond study.,Devin Osborne,Non-fiction,1,Branch-1,1,Tyler Little,2024-10-24,2022-11-30
410,Know party.,Jessica Jordan,Fantasy,4,Branch-4,89,Adam Avery,2023-09-11,2023-11-27
411,Never.,Dominic Taylor,Mystery,5,Branch-5,6,James Johnson,2023-02-08,2024-11-04
412,Professional.,Amber Bennett,Sci-fi,4,Branch-4,46,Scott Rodriguez,2023-03-27,2023-09-03
413,Five so future.,Erin Mclean,Non-fiction,2,Branch-2,48,Martin Moore,2023-05-07,2023-10-22
414,Economic glass.,Brandon Johnson,Fiction,2,Branch-2,5,Julie Hancock,2024-11-25,
415,Attorney land should.,Diamond Wong,Fiction,2,Branch-2,25,William Phillips,2022-12-13,
416,Large else enjoy.,Cynthia Levy,Non-fiction,2,Branch-2,34,Jordan Mitchell,2024-09-29,2022-12-07
417,When Republican particular.,Mary Dunlap,Fantasy,1,Branch-1,38,Thomas Armstrong,2024-04-11,2023-09-04
418,Fly our.,Madison Hensley,Biography,3,Branch-3,97,Tyler Davis,2023-05-09,
419,Respond draw law.,Jacob Mayo,Fiction,5,Branch-5,57,Nicole Cantu,2024-01-31,
420,Candidate suffer computer.,Savannah Ward,Mystery,5,Branch-5,71,Antonio Bennett,2023-02-16,
421,Example along.,Peter Floyd,Fantasy,1,Branch-1,27,Rachel Harper,2023-10-24,2024-01-16
422,Eight question kitchen yeah.,William Smith,Sci-fi,5,Branch-5,97,Amanda Lambert,2023-09-24,2023-04-01
423,Huge maybe exist.,Charles Morris,Non-fiction,3,Branch-3,35,Adam Carr,2023-06-19,2024-01-31
424,Successful.,Candace Franklin,Fantasy,3,Branch-3,94,Ricky Hill,2024-01-26,2023-08-03
425,Day coach expert.,Michelle Lee,Non-fiction,2,Branch-2,55,Sarah Lewis,2023-04-11,2023-03-12
426,Law detail be.,Kaitlyn Lin,Fiction,5,Branch-5,60,Ryan Ritter,2024-07-04,2024-04-06
427,Someone Republican.,Christopher Mcneil,Fantasy,5,Branch-5,20,Chris Davenport,2024-11-17,
428,Growth they.,Angela Bean,Biography,2,Branch-2,71,Rachel Ramos,2024-02-25,
429,Study.,Lawrence Bennett,Non-fiction,4,Branch-4,83,Melissa Macias,2023-04-06,2022-12-22
430,Challenge my college set.,Jennifer Spears,Fantasy,5,Branch-5,6,Christina Cox,2023-01-19,2024-10-17
431,Although stop.,Gene Nelson,Fiction,4,Branch-4,6,Matthew Allen,2023-10-28,2024-07-22
432,Which environment.,Susan Smith,Mystery,2,Branch-2,13,Kelly Cooper,2023-10-18,2024-02-21
433,Strategy organization somebody.,Kristen Kramer,Mystery,3,Branch-3,80,Jennifer Brown,2024-04-15,
434,Shake customer.,Carolyn Howard,Biography,5,Branch-5,22,Ashley Richardson,2023-12-24,2024-06-11
435,Experience turn different.,Erin Riley,Fiction,3,Branch-3,79,Kurt Hernandez,2023-04-16,2024-03-02
436,For star vote daughter.,Emily Odonnell MD,Fiction,5,Branch-5,49,Anthony Holmes,2023-04-23,2024-03-17
437,Name dog.,Thomas Moreno,Fiction,4,Branch-4,67,Kenneth Blake,2024-07-08,2024-09-26
438,Career huge daughter.,Ashley Valdez,Sci-fi,1,Branch-1,21,Jacqueline Perez,2024-06-19,2024-11-13
439,People near three.,Edwin Davis,Fantasy,2,Branch-2,13,Preston Yang,2024-01-27,2023-08-04
440,Story fast bad cause.,Natalie Anderson,Biography,4,Branch-4,58,Kimberly Hodge,2023-06-03,2024-08-11
441,Artist have not rule.,Mary Andrews,Fiction,1,Branch-1,100,Susan Wright,2024-11-26,2023-08-30
442,Almost event ago.,David Conrad,Sci-fi,5,Branch-5,77,Margaret Thompson,2024-07-17,2024-08-02
443,Line mean.,Gerald Rice,Sci-fi,4,Branch-4,80,Katherine Glenn,2024-02-26,
444,Dark someone indicate.,Margaret Thompson,Non-fiction,1,Branch-1,44,Renee Garcia,2023-05-30,2024-08-11
445,Off money.,Joanne Beasley,Fiction,1,Branch-1,55,Jeffrey Arias,2023-08-31,2024-10-20
446,Test detail avoid.,John Miranda,Non-fiction,1,Branch-1,88,Robert Mcfarland,2024-01-27,
447,Bank financial.,Brenda Drake,Sci-fi,4,Branch-4,45,Mrs. Diana Fernandez,2023-06-07,
448,Skin federal.,Logan Strong,Fiction,2,Branch-2,70,Mary Thomas,2024-02-02,2023-11-07
449,Now article.,Eric Hodges,Fiction,1,Branch-1,82,David Gray,2023-10-31,
450,Always oil poor.,Christopher Copeland,Fiction,2,Branch-2,67,Mark Weaver,2023-02-11,2023-03-06
451,Recent center summer fast.,Mark Curry,Mystery,2,Branch-2,28,Christina Johnson,2024-11-04,2024-11-15
452,Unit day benefit very.,Christina Mosley,Fiction,3,Branch-3,64,Richard Kemp,2023-04-12,2024-06-16
453,Century instead deal.,Susan Adams,Biography,5,Branch-5,52,Jessica Alvarez,2024-09-20,2023-05-04
454,During describe glass.,Russell King,Fantasy,4,Branch-4,61,Erica Martinez,2024-07-01,2023-03-20
455,Least pull.,Carol Brooks,Mystery,2,Branch-2,38,Todd Young,2023-01-25,2023-10-13
456,Whatever edge fly.,Mercedes Washington,Sci-fi,2,Branch-2,29,Meghan Dominguez,2024-07-22,2023-06-12
457,Wear trial.,John Warren,Mystery,1,Branch-1,32,Katherine Moore,2023-11-18,2024-07-04
458,Many carry foot.,Daniel Wang,Biography,1,Branch-1,95,Jerry Jones,2023-06-03,2024-06-27
459,Life.,Jordan Howard,Sci-fi,1,Branch-1,96,Stacy Kelly,2023-08-10,2024-08-18
460,Food risk rest high.,Cameron Young,Mystery,1,Branch-1,64,Patrick Anderson,2024-08-03,2024-06-22
461,Kind line.,Samantha Benitez,Fantasy,1,Branch-1,98,Javier Holland,2024-08-17,2024-05-21
462,Kid option once.,Luke Bennett,Fantasy,2,Branch-2,52,Timothy Rose,2023-10-13,
463,Together specific.,Karen Lucas,Non-fiction,3,Branch-3,83,Edward Carter,2024-09-18,2024-09-17
464,Culture huge individual.,Robert Jimenez,Sci-fi,3,Branch-3,8,Teresa Lane,2023-12-13,2024-10-04
465,Step quite.,Courtney Campbell,Biography,5,Branch-5,6,John Vaughn,2024-10-10,2024-11-23
466,Fire office set.,Crystal Norris,Fantasy,2,Branch-2,40,Aaron Ferguson,2023-04-19,2024-02-05
467,New accept agree.,Wanda Garza,Fiction,1,Branch-1,43,Kimberly Summers,2024-04-02,2024-06-16
468,Catch president court.,Daniel Mccall,Mystery,2,Branch-2,88,Rebecca Leon,2024-05-28,2023-01-15
469,Quickly tend.,David Moore,Mystery,5,Branch-5,63,Sara King,2024-03-13,2023-09-25
470,Nothing exist.,Walter Silva,Sci-fi,5,Branch-5,39,Wendy Lopez,2023-10-01,2023-03-28
471,Culture fast.,Susan Webb,Sci-fi,4,Branch-4,83,Jerry Diaz,2022-12-12,2023-09-01
472,Your strong life field.,Paul Rodriguez,Sci-fi,2,Branch-2,78,Jose Lin,2023-11-11,
473,Value out party.,Jeffrey Perez,Biography,4,Branch-4,24,Erika Martinez,2023-10-09,2024-02-22
474,Red example.,Kimberly Johnson,Biography,3,Branch-3,11,Jack Knight,2023-09-25,2023-06-14
475,Through win.,Adam Cooper,Biography,5,Branch-5,59,Walter Young,2024-09-13,2022-12-27
476,Wonder recognize.,Carlos Wilkinson,Biography,2,Branch-2,25,Ronald Doyle,2024-02-25,2023-01-14
477,Behind could network.,Taylor Chavez,Sci-fi,3,Branch-3,4,Kimberly Clark,2023-08-15,
478,Name likely.,Ian Hughes,Biography,2,Branch-2,47,Debra Thomas,2024-07-07,2024-10-03
479,Almost commercial.,Andrea Jackson,Fiction,5,Branch-5,54,Dr. Sharon Trevino,2023-01-15,2023-03-08
480,Safe there Congress.,Ronnie Donaldson,Mystery,3,Branch-3,3,Michelle Chandler,2022-11-27,2023-03-13
481,Mention spend trouble.,Angela Roberts,Sci-fi,5,Branch-5,99,Adam Miller,2023-05-15,2023-10-01
482,Magazine house of.,Michael Wilson,Biography,3,Branch-3,74,Alexander Garcia,2023-08-10,2024-05-11
483,Theory fill human.,Lauren Stokes,Fiction,3,Branch-3,25,Jackie Long,2023-08-11,2024-09-25
484,House sure.,Christopher Reynolds,Sci-fi,5,Branch-5,84,Sherry Moore,2024-03-14,2023-01-10
485,Like should.,Patrick Carter,Mystery,3,Branch-3,40,Mark Lopez,2024-03-02,
486,Play interview speech.,Andrea Mclaughlin,Fiction,1,Branch-1,4,Richard Thomas,2023-10-28,2023-12-12
487,Image see letter.,Donna Richardson,Fantasy,4,Branch-4,36,Eric Johnson,2024-07-27,2024-08-13
488,Right lose about.,Jack Craig,Sci-fi,4,Branch-4,2,Jennifer Mcguire,2023-03-27,
489,A two soon.,Peter Bates,Mystery,5,Branch-5,10,John Reed,2024-11-09,2023-01-06
490,Whole weight only.,Robert Jensen,Sci-fi,5,Branch-5,95,Sarah Hancock DDS,2023-07-18,
491,Tree involve describe measure.,Destiny Martinez,Sci-fi,1,Branch-1,20,Shelby Carroll,2024-02-14,2024-07-26
492,Want hot.,Elizabeth Mccoy,Sci-fi,5,Branch-5,72,Bryan Stone,2024-06-16,2024-01-12
493,Bill base.,Mr. David Mccullough,Fiction,1,Branch-1,71,Brian Walker,2023-04-03,2023-09-11
494,Election course.,Jodi Wilson,Non-fiction,1,Branch-1,47,Janet Torres,2024-02-04,2023-07-30
495,Forget.,Richard Green,Mystery,5,Branch-5,28,Danny Morris,2023-10-17,2023-03-12
496,Project this identify open.,Shawn Rodgers,Non-fiction,5,Branch-5,2,Mason Adkins,2024-05-11,2023-01-11
497,Recent table example approach.,Laura Fowler,Fantasy,2,Branch-2,65,John Adkins,2023-07-30,2024-11-17
498,There vote.,Samuel Carter,Sci-fi,5,Branch-5,14,Carlos Jenkins,2023-10-10,
499,Might year.,Patricia Parker,Fiction,1,Branch-1,56,Jordan Smith,2024-06-08,2023-08-19
500,Himself employee market.,Erin Davis,Sci-fi,5,Branch-5,60,Angela Watson,2022-12-01,2024-03-19
